"year","d"
1990,2.430679846
1994,2.33286718
1995,2.392118984
2000,2.197327433
2001,2.191311598
2006,2.152189926
2011,2.070119182
